Date,Open,High,Low,Close,Adj Close,Volume,12 Day EMA,26 Day EMA,MACD,Signal,Histogram,5 Day EMA,15 Day EMA,MACD,Signal,Histogram
3/18/2021,28.280001,28.379999,28.18,28.379999,27.45545,4865600,,,,,,,,,,
3/19/2021,28.280001,28.690001,28.27,28.51,27.581219,10310600,,,,,,,,,,
3/22/2021,28.450001,28.68,28.219999,28.379999,27.45545,3718100,,,,,,,,,,
3/23/2021,28.23,28.450001,28.129999,28.200001,27.281317,3638100,,,,,,,,,,
3/24/2021,28.09,28.32,28.01,28.299999,27.378061,2926800,,,,,,28.3539996,,,,
3/25/2021,28.02,28.540001,28.02,28.5,27.571543,5604600,,,,,,28.4026664,,,,
3/26/2021,28.65,28.799999,28.51,28.59,27.658611,3934100,,,,,,28.46511093,,,,
3/29/2021,28.59,28.879999,28.530001,28.82,27.881119,3128100,,,,,,28.58340729,,,,
3/30/2021,29,29.040001,28.92,29,28.055256,4122200,,,,,,28.72227153,,,,
3/31/2021,29.1,29.1,28.790001,28.790001,27.852098,4770600,,,,,,28.74484802,,,,
4/1/2021,29,29.049999,28.83,29,28.055256,3031500,,,,,,28.82989868,,,,
4/5/2021,29.200001,29.34,29.18,29.309999,28.355154,3400400,28.64833317,,,,,28.98993212,,,,
4/6/2021,29.4,29.4,29.059999,29.299999,28.34548,3042900,28.74858945,,,,,29.09328775,,,,
4/7/2021,29.27,29.33,28.809999,28.83,28.063194,4367500,28.76111415,,,,,29.00552516,,,,
4/8/2021,28.83,29.1,28.700001,28.700001,27.936653,3164600,28.75171213,,,,,28.90368378,28.7073332,0.196350576,,
4/9/2021,28.700001,28.73,28.48,28.65,27.887981,2407200,28.73606411,,,,,28.81912252,28.70016655,0.118955967,,
4/12/2021,28.57,28.76,28.459999,28.690001,27.92692,3053700,28.72897747,,,,,28.77608201,28.69889586,0.077186155,,
4/13/2021,28.76,28.940001,28.690001,28.84,28.072929,2728100,28.74605786,,,,,28.79738801,28.71653387,0.080854133,,
4/14/2021,28.879999,28.9,28.59,28.690001,27.92692,2618100,28.73743373,,,,,28.76159234,28.71321726,0.048375074,,
4/15/2021,28.959999,28.99,28.85,28.950001,28.180004,2377000,28.77013639,,,,,28.82439523,28.74281523,0.081579994,,
4/16/2021,28.93,29,28.860001,29,28.228674,2384500,28.80550002,,,,,28.88293015,28.77496333,0.107966823,,
4/19/2021,29.110001,29.15,28.98,29.02,28.248142,2076800,28.83850002,,,,,28.9286201,28.80559291,0.123027188,,
4/20/2021,29.129999,29.190001,28.940001,29.02,28.248142,2883600,28.86642309,,,,,28.95908007,28.8323938,0.126686269,0.106775798,0.019910471
4/21/2021,28.52,28.6,28.27,28.4,27.644632,5716800,28.79466569,,,,,28.77272004,28.77834457,-0.005624529,0.084295732,-0.089920261
4/22/2021,28.74,29.02,28.59,28.969999,28.199471,4707200,28.82164005,,,,,28.8384797,28.80230138,0.03617832,0.07467225,-0.03849393
4/23/2021,28.799999,28.950001,28.639999,28.950001,28.180004,2765500,28.84138789,28.76115388,0.080234002,,,28.87565346,28.82076383,0.054889635,0.070715727,-0.015826092
4/26/2021,28.799999,29.07,28.75,29,28.228674,3030300,28.86578975,28.77884619,0.086943561,,,28.91710231,28.84316835,0.073933959,0.071359373,0.002574585
4/27/2021,29,29.299999,28.99,29.299999,28.520693,3811100,28.93259117,28.8174501,0.115141072,,,29.04473454,28.90027218,0.144462358,0.08597997,0.058482388
4/28/2021,29.15,29.4,29.15,29.4,28.618034,2765000,29.00450022,28.86060195,0.143898278,,,29.16315636,28.96273816,0.200418201,0.108867616,0.091550584
4/29/2021,29.5,29.58,29.34,29.389999,28.608299,3303800,29.06380773,28.89981654,0.163991185,,,29.23877057,29.01614576,0.222624809,0.131619055,0.091005754
4/30/2021,29.68,30.120001,29.549999,29.91,29.11447,12289700,29.19399115,28.97464495,0.219346207,,,29.46251372,29.12787754,0.334636172,0.172222478,0.162413694
5/3/2021,30,30,29.33,29.59,28.802982,4013800,29.25491559,29.0202268,0.234688789,,,29.50500914,29.18564285,0.319366293,0.201651241,0.117715052
5/4/2021,29.59,29.6,29.280001,29.4,28.618034,8300600,29.27723627,29.04835815,0.22887812,,,29.4700061,29.21243749,0.257568601,0.212834713,0.044733888
5/5/2021,28.950001,29.440001,28.950001,29.35,28.569365,3196300,29.28843069,29.07070199,0.217728699,0.16564999,0.052078709,29.43000406,29.22963281,0.200371256,0.210342022,-0.009970766
5/6/2021,29.52,29.65,29.43,29.57,28.783512,3666173,29.33174905,29.10768703,0.224062017,0.177332396,0.046729621,29.47666938,29.27217871,0.204490669,0.209171751,-0.004681082
5/7/2021,29.57,29.879999,29.459999,29.860001,29.0658,4096800,29.41301858,29.16341399,0.249604587,0.191786834,0.057817753,29.60444658,29.34565649,0.258790091,0.219095419,0.039694671
5/10/2021,29.9,30,29.5,29.629999,29.016834,3539700,29.44640018,29.19797584,0.248424338,0.203114335,0.045310003,29.61296406,29.38119931,0.231764749,0.221629285,0.010135464
5/11/2021,29.48,29.59,29.35,29.440001,28.830767,8044900,29.44541569,29.21590363,0.229512059,0.20839388,0.02111818,29.5553097,29.38854952,0.166760186,0.210655465,-0.04389528
5/12/2021,29.48,29.65,29.450001,29.5,28.889524,5775600,29.45381328,29.23694781,0.21686547,0.210088198,0.006777272,29.53687314,29.40248083,0.134392307,0.195402834,-0.061010526
5/14/2021,29.58,29.940001,28.629999,29.290001,28.683872,14301600,29.42861139,29.24087767,0.187733715,0.205617301,-0.017883586,29.45458242,29.38842085,0.066161574,0.169554582,-0.103393008
5/17/2021,29.1,29.25,28.530001,29.200001,28.595734,5080000,29.39344056,29.23784977,0.155590788,0.195611999,-0.040021211,29.36972195,29.36486837,0.004853581,0.136614382,-0.131760801
5/18/2021,29.49,29.790001,29.389999,29.76,29.144144,4110200,29.44983432,29.27652757,0.173306753,0.191150949,-0.017844196,29.49981463,29.41425982,0.08555481,0.126402467,-0.040847657
5/19/2021,29.5,29.65,29.26,29.35,28.742628,4089900,29.43447519,29.28196997,0.152505225,0.183421805,-0.03091658,29.44987642,29.40622734,0.043649077,0.109851789,-0.066202712
5/20/2021,29.700001,29.75,29.49,29.620001,29.007042,5936300,29.46301763,29.3070093,0.156008321,0.177939108,-0.021930787,29.50658461,29.43294905,0.073635563,0.102608544,-0.028972981
5/21/2021,29.879999,29.950001,29.77,29.83,29.212694,5284900,29.51947645,29.34574936,0.173727096,0.177096705,-0.003369609,29.61438974,29.48258042,0.131809323,0.1084487,0.023360623
5/24/2021,30,30.030001,29.700001,29.77,29.153936,3927700,29.55801854,29.37717533,0.180843207,0.177846006,0.002997201,29.66625983,29.51850787,0.147751961,0.116309352,0.031442609
5/25/2021,29.77,29.99,29.77,29.969999,29.349798,2952700,29.62140015,29.42108819,0.200311952,0.182339195,0.017972757,29.76750622,29.57494426,0.19256196,0.131559874,0.061002086
5/27/2021,29.950001,30.08,29.879999,30.059999,29.437935,8328302,29.68887689,29.46841492,0.220461973,0.189963751,0.030498222,29.86500381,29.6355761,0.229427711,0.151133441,0.07829427
5/28/2021,30.299999,30.6,30.1,30.41,29.780693,5289643,29.79981891,29.53816196,0.261656946,0.20430239,0.057354556,30.04666921,29.73237909,0.314290119,0.183764777,0.130525343
5/31/2021,30.5,30.549999,29.98,30.030001,29.408556,2513000,29.83523154,29.57459448,0.260637054,0.215569323,0.045067732,30.04111314,29.76958183,0.271531311,0.201318084,0.070213227
6/1/2021,30.17,30.379999,29.969999,30.35,29.721933,2409900,29.91442669,29.63203193,0.282394756,0.228934409,0.053460347,30.14407543,29.8421341,0.301941327,0.221442732,0.080498594
6/2/2021,30.15,30.299999,29.809999,29.92,29.300833,4306700,29.91528412,29.6533629,0.261921221,0.235531772,0.026389449,30.06938362,29.85186734,0.21751628,0.220657442,-0.003141161
6/3/2021,30,30.049999,29.809999,29.82,29.2029,3572700,29.90062502,29.66570639,0.234918637,0.235409145,-0.000490508,29.98625574,29.84788392,0.138371825,0.204200318,-0.065828493
6/4/2021,29.709999,29.99,29.629999,29.709999,29.095179,2593900,29.87129794,29.66898732,0.202310622,0.22878944,-0.026478818,29.89417016,29.8306483,0.063521858,0.176064626,-0.112542768
6/7/2021,30.219999,30.34,30.040001,30.34,29.712141,4244100,29.94340595,29.71869196,0.224713988,0.22797435,-0.003260362,30.04278011,29.89431727,0.148462842,0.17054427,-0.022081428
6/8/2021,30.299999,30.299999,30.02,30.030001,29.408556,2591400,29.95672827,29.74175189,0.214976374,0.225374755,-0.01039838,30.03852041,29.91127773,0.127242672,0.16188395,-0.034641278
6/9/2021,30.059999,30.059999,29.709999,29.719999,29.104971,4958600,29.92030838,29.74014057,0.180167812,0.216333366,-0.036165554,29.9323466,29.88736789,0.044978712,0.138502903,-0.09352419
6/10/2021,29.82,29.969999,29.709999,29.889999,29.271454,2458200,29.9156454,29.75124119,0.164404206,0.205947534,-0.041543328,29.91823074,29.88769678,0.030533956,0.116909113,-0.086375157
6/11/2021,29.950001,29.98,29.709999,29.73,29.114763,3488100,29.88708457,29.74966777,0.137416797,0.192241387,-0.054824589,29.85548716,29.86798468,-0.012497525,0.091027785,-0.103525311
6/14/2021,29.709999,29.860001,29.66,29.66,29.046213,2428000,29.85214848,29.74302571,0.109122767,0.175617663,-0.066494896,29.79032477,29.8419866,-0.051661826,0.062489863,-0.114151689
6/15/2021,29.93,30.200001,29.799999,30.07,29.447729,4181900,29.8856641,29.76724603,0.118418068,0.164177744,-0.045759676,29.88354985,29.87048827,0.013061575,0.052604206,-0.039542631
6/16/2021,30.17,30.18,29.92,29.92,29.300833,3921900,29.89094655,29.77856114,0.112385405,0.153819276,-0.041433871,29.8956999,29.87667724,0.01902266,0.045887896,-0.026865237
6/17/2021,30,30,29.700001,29.9,29.281246,4241000,29.89233938,29.78755661,0.104782773,0.144011976,-0.039229202,29.89713327,29.87959258,0.017540682,0.040218453,-0.022677772
6/18/2021,29.799999,29.889999,29.66,29.77,29.153936,5431000,29.87351794,29.78625612,0.087261819,0.132661944,-0.045400125,29.85475551,29.86589351,-0.011138,0.029947163,-0.041085163
6/21/2021,29.5,29.66,29.299999,29.629999,29.016834,7050900,29.83605349,29.77468152,0.061371969,0.118403949,-0.057031981,29.77983667,29.8364067,-0.056570023,0.012643725,-0.069213749
6/22/2021,29.700001,29.799999,29.360001,29.4,28.791592,3413000,29.76896834,29.74692733,0.022041003,0.09913136,-0.077090357,29.65322445,29.78185586,-0.128631411,-0.015611302,-0.113020109
6/23/2021,29.5,29.6,29.309999,29.33,28.723042,3113300,29.70143475,29.71604383,-0.014609081,0.076383272,-0.090992353,29.54548297,29.72537388,-0.179890911,-0.048467224,-0.131423688
6/24/2021,29.35,29.530001,29.33,29.5,28.889524,2934600,29.67044479,29.70004058,-0.029595795,0.055187458,-0.084783254,29.53032198,29.69720214,-0.166880165,-0.072149812,-0.094730353
6/25/2021,29.6,29.690001,29.41,29.52,28.909111,3302559,29.64729943,29.68670424,-0.039404808,0.036269005,-0.075673813,29.52688132,29.67505187,-0.148170557,-0.087353961,-0.060816596
6/28/2021,29.690001,29.690001,29.52,29.6,28.987455,1694600,29.6400226,29.6802817,-0.040259107,0.020963383,-0.06122249,29.55125421,29.66567039,-0.114416178,-0.092766404,-0.021649774
6/29/2021,29.51,29.6,29.18,29.18,28.576147,4900000,29.56924989,29.6432238,-0.07397391,0.001975924,-0.075949835,29.42750281,29.60496159,-0.177458784,-0.10970488,-0.067753903
6/30/2021,29.41,30.049999,29.290001,29.809999,29.19311,5786600,29.60628821,29.65557752,-0.049289304,-0.008277122,-0.041012183,29.55500154,29.63059127,-0.075589729,-0.10288185,0.027292121
7/1/2021,30.040001,30.120001,29.879999,30.01,29.388969,2871200,29.66839772,29.68183104,-0.013433316,-0.00930836,-0.004124956,29.70666769,29.67801736,0.028650333,-0.076575413,0.105225747
7/2/2021,30.219999,30.25,29.92,30.08,29.457521,3728400,29.73172115,29.71132503,0.020396114,-0.003367466,0.02376358,29.83111179,29.72826519,0.102846606,-0.04069101,0.143537615
7/5/2021,30.02,30.09,29.860001,30,29.379175,1052000,29.77299482,29.73270836,0.040286453,0.005363318,0.034923135,29.88740786,29.76223204,0.125175823,-0.007517643,0.132693466
7/6/2021,30.15,30.879999,30.120001,30.870001,30.231173,8655100,29.941765,29.81695226,0.124812736,0.029253202,0.095559534,30.21493891,29.90070316,0.314235748,0.056833035,0.257402713
7/7/2021,30.57,30.57,29.950001,30.09,29.467314,6228800,29.96457038,29.83717802,0.127392362,0.048881034,0.078511329,30.17329261,29.92436527,0.24892734,0.095251896,0.153675444
7/8/2021,30.030001,30.139999,29.52,29.540001,28.928698,6056141,29.89925202,29.81516491,0.084087108,0.055922249,0.02816486,29.9621954,29.87631973,0.085875672,0.093376651,-0.00750098
7/9/2021,29.540001,29.809999,29.469999,29.66,29.046213,4845500,29.86244401,29.80367121,0.058772803,0.05649236,0.002280443,29.8614636,29.84927977,0.012183837,0.077138088,-0.064954252
7/12/2021,29.91,29.959999,29.709999,29.940001,29.320419,2522600,29.87437586,29.81376971,0.060606144,0.057315116,0.003291027,29.88764274,29.86061992,0.027022815,0.067115034,-0.040092219
7/13/2021,30.299999,30.48,30.18,30.33,29.702349,4736100,29.94447188,29.852009,0.092462885,0.06434467,0.028118215,30.03509516,29.91929243,0.115802727,0.076852572,0.038950154
7/14/2021,30.33,30.379999,29.959999,30.02,29.398764,3004900,29.95609159,29.86445277,0.091638818,0.0698035,0.021835318,30.03006344,29.93188088,0.098182562,0.08111857,0.017063991
7/15/2021,30.02,30.139999,29.83,29.879999,29.26166,2139900,29.94438504,29.86560435,0.078780693,0.071598938,0.007181755,29.98004196,29.92539564,0.054646317,0.075824119,-0.021177803
7/16/2021,29.889999,30.120001,29.66,30.120001,29.496695,1959000,29.97140288,29.88444854,0.086954337,0.074670018,0.012284319,30.02669497,29.94972131,0.076973661,0.076054028,0.000919633
7/19/2021,29.530001,29.799999,29.49,29.58,28.967869,4405500,29.91118705,29.8618968,0.049290253,0.069594065,-0.020303812,29.87779665,29.90350615,-0.025709499,0.055701322,-0.081410822
7/21/2021,29.799999,29.860001,29.51,29.68,29.0658,4537900,29.87561981,29.84842296,0.027196851,0.061114622,-0.033917771,29.81186443,29.87556788,-0.063703447,0.031820368,-0.095523815
7/22/2021,29.969999,30.299999,29.51,30.200001,29.575039,5080500,29.92552461,29.87446578,0.051058832,0.059103464,-0.008044633,29.94124329,29.91612202,0.025121269,0.030480549,-0.00535928
7/23/2021,30.129999,30.290001,29.969999,30.209999,29.584829,1830200,29.9692899,29.89932009,0.06996981,0.061276733,0.008693076,30.03082853,29.95285664,0.077971884,0.039978816,0.037993068
7/26/2021,30.209999,30.209999,29.82,30,29.379175,1952200,29.97401453,29.90677786,0.067236669,0.06246872,0.004767949,30.02055235,29.95874956,0.061802789,0.04434361,0.017459178
7/27/2021,30.049999,30.280001,29.870001,29.9,29.281246,3331400,29.96262768,29.9062758,0.056351882,0.061245353,-0.004893471,29.98036823,29.95140587,0.028962367,0.041267362,-0.012304994
7/28/2021,30.07,30.09,29.73,30.07,29.447729,4035900,29.9791465,29.91840352,0.060742982,0.061144878,-0.000401897,30.01024549,29.96623013,0.044015356,0.04181696,0.002198395
7/29/2021,30.299999,30.5,30.120001,30.5,29.86883,5854900,30.05927781,29.96148474,0.097793069,0.068474517,0.029318552,30.17349699,30.03295137,0.140545626,0.061562694,0.078982933
7/30/2021,30.549999,30.780001,30.41,30.41,29.780693,5571800,30.11323507,29.99470809,0.118526976,0.078485008,0.040041968,30.25233133,30.08008245,0.172248883,0.083699931,0.088548951
8/2/2021,30.65,30.68,30.049999,30.360001,29.731728,2519600,30.15119906,30.02176683,0.129432232,0.088674453,0.040757779,30.28822122,30.11507226,0.173148954,0.101589736,0.071559218
8/3/2021,30.25,30.25,29.879999,30.209999,29.584829,3752500,30.1602452,30.03570995,0.124535253,0.095846613,0.02868864,30.26214715,30.12693811,0.135209039,0.108313597,0.026895443
8/4/2021,30.24,30.74,30.15,30.58,29.947174,5318500,30.22482286,30.07602773,0.148795133,0.106436317,0.042358816,30.3680981,30.18357084,0.184527254,0.123556328,0.060970926
8/5/2021,30.799999,30.950001,30.700001,30.799999,30.162621,4636200,30.3133115,30.12965523,0.183656268,0.121880307,0.06177596,30.51206506,30.26062436,0.251440702,0.149133203,0.102307499
8/6/2021,30.83,31.17,30.76,31,30.358482,4525600,30.41895588,30.19412521,0.224830669,0.14247038,0.08236029,30.67471004,30.35304632,0.321663726,0.183639307,0.138024418
8/10/2021,31.25,31.68,31.24,31.68,31.02441,6171400,30.61296267,30.30419001,0.308772658,0.175730835,0.133041822,31.0098067,30.51891553,0.490891168,0.245089679,0.245801488
8/11/2021,31.709999,31.74,31.15,31.280001,30.63269,3078700,30.71558395,30.37647231,0.339111644,0.208406997,0.130704647,31.09987146,30.61405121,0.485820252,0.293235794,0.192584458
8/12/2021,31.440001,31.49,31.17,31.24,30.593515,1723800,30.79626334,30.44043732,0.355826021,0.237890802,0.11793522,31.14658098,30.69229481,0.454286165,0.325445868,0.128840297
8/13/2021,31.030001,31.030001,30.700001,30.98,30.662798,3612400,30.82453052,30.48040493,0.344125593,0.25913776,0.084987833,31.09105398,30.72825796,0.362796025,0.332915899,0.029880125
8/16/2021,30.68,30.799999,30.549999,30.67,30.355974,1845800,30.8007566,30.49444901,0.306307588,0.268571726,0.037735862,30.95070266,30.72097571,0.229726942,0.312278108,-0.082551166
8/17/2021,30.5,30.719999,30.32,30.469999,30.15802,3856500,30.74987081,30.4926379,0.257232915,0.266303964,-0.009071048,30.7904681,30.68960362,0.100864479,0.269995382,-0.169130903
8/18/2021,30.35,30.870001,30.35,30.42,30.108534,2740700,30.69912146,30.48725731,0.211864145,0.255416,-0.043551855,30.66697874,30.65590317,0.011075564,0.218211419,-0.207135854
8/19/2021,30.299999,30.34,29.85,29.92,29.613653,5206700,30.57925662,30.44523825,0.134018365,0.231136473,-0.097118108,30.41798582,30.56391528,-0.145929451,0.145383245,-0.291312696
8/20/2021,30.17,30.299999,30.01,30.16,29.851194,2375200,30.5147556,30.42410949,0.090646107,0.2030384,-0.112392293,30.33199055,30.51342587,-0.181435317,0.080019532,-0.261454849
8/23/2021,30.389999,30.389999,30,30.059999,29.752218,2583400,30.44479305,30.39713834,0.047654701,0.17196166,-0.124306959,30.2413267,30.45674751,-0.215420808,0.020931464,-0.236352272
8/24/2021,30.299999,30.299999,30.08,30.120001,29.811605,2462000,30.39482504,30.37660965,0.018215386,0.141212405,-0.122997019,30.2008848,30.41465419,-0.213769395,-0.026008708,-0.187760687
8/25/2021,30.309999,30.370001,30.02,30.16,29.851194,1715000,30.35869811,30.36056449,-0.001866384,0.112596647,-0.114463031,30.18725653,30.38282242,-0.195565887,-0.059920143,-0.135645743
8/26/2021,30.5,30.549999,30.299999,30.5,30.187714,3000800,30.38043686,30.37089305,0.009543813,0.09198608,-0.082442268,30.29150436,30.39746962,-0.105965262,-0.069129167,-0.036836095
8/27/2021,30.09,30.219999,30.02,30.1,29.791809,3471400,30.33729273,30.3508269,-0.013534168,0.070882031,-0.084416199,30.22766957,30.36028592,-0.132616345,-0.081826603,-0.050789742
8/30/2021,30.25,30.5,30.200001,30.4,30.088737,2777600,30.34694,30.35446935,-0.007529348,0.055199755,-0.062729103,30.28511305,30.36525018,-0.080137129,-0.081488708,0.001351579
8/31/2021,30.200001,30.209999,29.9,29.969999,29.663139,8213465,30.28894908,30.32599006,-0.037040986,0.036751607,-0.073792593,30.18007503,30.31584378,-0.135768748,-0.092344716,-0.043424032
9/1/2021,29.91,30.26,29.91,30.23,29.920479,3049400,30.27987999,30.31887969,-0.0389997,0.021601345,-0.060601045,30.19671669,30.30511331,-0.108396619,-0.095555097,-0.012841523
9/2/2021,30.34,30.35,29.93,30.1,29.791809,3215700,30.25220614,30.30266638,-0.050460234,0.00718903,-0.057649264,30.16447779,30.27947414,-0.114996352,-0.099443348,-0.015553004
9/3/2021,30.15,30.17,30.01,30.120001,29.811605,1408500,30.23186689,30.28913561,-0.057268718,-0.00570252,-0.051566198,30.14965219,30.25954,-0.109887806,-0.101532239,-0.008355567
9/6/2021,30.059999,30.43,30.02,30.389999,30.07884,2715600,30.25619491,30.29660697,-0.040412064,-0.012644429,-0.027767635,30.2297678,30.27584738,-0.046079579,-0.090441707,0.044362128
9/7/2021,30.15,30.41,30.049999,30.41,30.098635,2148100,30.27985723,30.30500646,-0.025149226,-0.015145388,-0.010003837,30.2898452,30.29261645,-0.002771256,-0.072907617,0.070136361
9/8/2021,30.18,30.35,30.01,30.059999,29.752218,4088100,30.24603289,30.28685776,-0.040824868,-0.020281284,-0.020543584,30.2132298,30.26353927,-0.050309473,-0.068387988,0.018078515
9/9/2021,29.98,30.290001,29.9,30.24,29.930376,3328300,30.24510475,30.28338681,-0.03828206,-0.023881439,-0.014400621,30.2221532,30.26059686,-0.038443664,-0.062399123,0.023955459
9/10/2021,30.379999,30.5,30.17,30.440001,30.128328,3492000,30.27508879,30.29498786,-0.019899073,-0.023084966,0.003185893,30.29476913,30.28302238,0.011746753,-0.047569948,0.059316701
9/13/2021,30.34,30.4,30.129999,30.290001,29.979864,1656900,30.27738298,30.29461846,-0.017235489,-0.021915071,0.004679581,30.29317976,30.28389471,0.009285048,-0.036198949,0.045483997
9/14/2021,30.459999,30.459999,30.27,30.34,30.029352,2230917,30.28701636,30.29798006,-0.010963696,-0.019724796,0.0087611,30.3087865,30.29090787,0.017878634,-0.025383432,0.043262067
9/15/2021,30.120001,30.200001,29.99,30.07,29.762115,3414400,30.25362923,30.28109265,-0.027463417,-0.02127252,-0.006190897,30.229191,30.26329439,-0.034103383,-0.027127422,-0.006975961
9/16/2021,30.120001,30.219999,30.059999,30.08,29.772015,1460244,30.22691704,30.2661969,-0.039279855,-0.024873987,-0.014405868,30.17946067,30.24038259,-0.060921919,-0.033886322,-0.027035597
9/17/2021,29.950001,30.25,29.93,30.25,29.940273,5590000,30.23046827,30.26499713,-0.03452886,-0.026804962,-0.007723899,30.20297378,30.24158476,-0.038610985,-0.034831254,-0.003779731
9/20/2021,30.139999,30.190001,29.75,29.77,29.465189,5185100,30.15962699,30.22833067,-0.068703678,-0.035184705,-0.033518973,30.05864919,30.18263667,-0.123987482,-0.0526625,-0.071324982
9/21/2021,29.66,29.77,29.59,29.65,29.346416,5121800,30.08122284,30.18549136,-0.104268522,-0.049001468,-0.055267054,29.92243279,30.11605708,-0.193624294,-0.080854859,-0.112769435
9/22/2021,29.5,29.549999,29.18,29.299999,29,4617500,29.96103456,30.11989934,-0.158864778,-0.07097413,-0.087890648,29.71495486,30.01404982,-0.299094964,-0.12450288,-0.174592084
9/23/2021,29.33,29.75,29.33,29.549999,29.24744,3721700,29.89779832,30.0776845,-0.179886178,-0.09275654,-0.087129638,29.65996957,29.95604347,-0.296073898,-0.158817083,-0.137256814
9/24/2021,29.73,29.74,29.35,29.35,29.04949,4543968,29.81352165,30.02378194,-0.210260287,-0.116257289,-0.094002998,29.55664638,29.88028804,-0.323641655,-0.191781998,-0.131859657
9/27/2021,29.49,30.09,29.450001,30,29.692833,5155100,29.84221063,30.02202032,-0.179809686,-0.128967769,-0.050841917,29.70443092,29.89525203,-0.190821111,-0.19158982,0.000768709
9/28/2021,29.9,30.209999,29.85,29.959999,29.653242,3845600,29.86033192,30.01742614,-0.157094227,-0.13459306,-0.022501166,29.78962028,29.9033454,-0.113725122,-0.176016881,0.062291758
9/29/2021,30.129999,30.25,29.870001,30.110001,29.801708,5160100,29.89874255,30.02428354,-0.125540995,-0.132782647,0.007241652,29.89641385,29.92917735,-0.032763499,-0.147366204,0.114602705
9/30/2021,30.27,30.42,30.15,30.32,30.009556,3982281,29.96355139,30.04618846,-0.082637079,-0.122753534,0.040116455,30.03760924,29.97803018,0.059579052,-0.105977153,0.165556205
10/1/2021,30.1,30.200001,29.91,29.969999,29.663139,3432100,29.96454333,30.0405448,-0.076001474,-0.113403122,0.037401647,30.01507249,29.97702629,0.038046205,-0.077172482,0.115218686
10/4/2021,30.200001,30.389999,30.16,30.34,30.029352,3053500,30.02230589,30.06272667,-0.040420776,-0.098806652,0.058385877,30.12338166,30.022398,0.10098366,-0.041541253,0.142524913
10/5/2021,30.290001,30.299999,30,30.23,29.920479,3621000,30.05425883,30.07511728,-0.020858453,-0.083217013,0.06235856,30.15892111,30.04834825,0.110572857,-0.011118431,0.121691288
10/6/2021,30.42,30.450001,30.059999,30.290001,29.979864,3556500,30.09052686,30.0910346,-0.000507739,-0.066675158,0.066167419,30.2026144,30.07855484,0.124059561,0.015917167,0.108142394
10/7/2021,30.43,30.549999,30.32,30.459999,30.148123,4845600,30.14736873,30.11836529,0.029003432,-0.04753944,0.076542872,30.28840927,30.12623536,0.162173906,0.045168515,0.117005391
10/8/2021,30.58,30.58,30.360001,30.43,30.118431,2216700,30.19085046,30.14144935,0.049401114,-0.028151329,0.077552444,30.33560618,30.16420594,0.171400237,0.070414859,0.100985377
10/11/2021,30.389999,30.459999,30.200001,30.25,29.940273,2781700,30.19995039,30.14949013,0.050460254,-0.012429012,0.062889267,30.30707079,30.1749302,0.132140586,0.082760005,0.049380582
10/12/2021,30.059999,30.15,29.879999,30.129999,29.821501,4872800,30.18918864,30.14804635,0.04114229,-0.001714752,0.042857042,30.24804686,30.1693138,0.078733058,0.081954615,-0.003221558
10/13/2021,30.299999,30.559999,30.200001,30.5,30.187714,4899400,30.23700577,30.17411699,0.062888782,0.011205955,0.051682827,30.33203124,30.21064958,0.121381663,0.089840025,0.031541638
10/14/2021,30.25,30.48,30.030001,30.42,30.108534,2969500,30.26515873,30.19233054,0.072828184,0.023530401,0.049297783,30.36135416,30.23681838,0.124535781,0.096779176,0.027756605
10/15/2021,30.620001,30.68,30.41,30.41,30.098635,3424100,30.287442,30.20845421,0.078987793,0.034621879,0.044365914,30.37756944,30.25846608,0.119103358,0.101244013,0.017859346
10/18/2021,30.540001,30.559999,30.4,30.48,30.167919,2315400,30.31706631,30.22856871,0.088497598,0.045397023,0.043100575,30.41171296,30.28615782,0.125555139,0.106106238,0.019448901
10/19/2021,30.799999,31.219999,30.74,31.219999,30.900341,6867600,30.45597903,30.30200799,0.153971039,0.067111826,0.086859213,30.68114164,30.40288797,0.278253671,0.140535725,0.137717947
10/20/2021,31.5,31.5,31.209999,31.32,30.999317,3007800,30.58890533,30.37741481,0.211490526,0.095987566,0.11550296,30.89409443,30.51752697,0.376567454,0.18774207,0.188825384
10/21/2021,31.440001,31.450001,31.200001,31.219999,30.900341,2276800,30.68599667,30.43982845,0.246168216,0.126023696,0.12014452,31.00272928,30.60533598,0.397393309,0.229672318,0.167720991
10/22/2021,31.309999,31.42,31.24,31.370001,31.048807,2936300,30.7912281,30.50873012,0.282497981,0.157318553,0.125179428,31.12515319,30.7009191,0.424234086,0.268584672,0.155649414
10/25/2021,31.49,31.59,31.4,31.49,31.167578,2187600,30.89873147,30.58141678,0.317314693,0.189317781,0.127996912,31.24676879,30.79955422,0.447214577,0.304310653,0.142903924
10/26/2021,31.48,31.620001,31.25,31.540001,31.217066,2538000,30.99738832,30.65242302,0.344965304,0.220447286,0.124518019,31.34451286,30.89211006,0.452402798,0.333929082,0.118473716
10/27/2021,31.700001,31.85,31.57,31.76,31.434813,3001200,31.1147132,30.73446576,0.380247439,0.252407316,0.127840122,31.48300857,31.00059631,0.482412269,0.363625719,0.11878655
10/28/2021,31.940001,32.060001,31.58,31.620001,31.296247,5393614,31.19244978,30.80006096,0.392388821,0.280403617,0.111985204,31.52867272,31.07802189,0.450650824,0.38103074,0.069620084
10/29/2021,31.77,31.940001,31.530001,31.530001,31.207169,4661200,31.24438074,30.85413059,0.390250145,0.302372923,0.087877222,31.52911548,31.13451928,0.394596197,0.383743831,0.010852365
11/1/2021,31.99,31.99,31.700001,31.870001,31.543688,2655500,31.34063001,30.92938025,0.411249756,0.324148289,0.087101467,31.64274399,31.2264545,0.416289489,0.390252963,0.026036526
11/2/2021,32.150002,32.200001,31.950001,32.099998,31.77133,3005400,31.45745585,31.01609268,0.441363175,0.347591267,0.093771909,31.79516199,31.33564743,0.459514556,0.404105282,0.055409275
11/3/2021,32.369999,32.369999,32.07,32.209999,31.880205,2464161,31.57323172,31.10453018,0.468701539,0.371813321,0.096888218,31.93344099,31.44494138,0.488499614,0.420984148,0.067515466
11/5/2021,32.369999,32.369999,32.169998,32.290001,31.959387,3727200,31.68350392,31.19234284,0.491161082,0.395682873,0.095478209,32.05229433,31.55057383,0.501720497,0.437131418,0.064589079
11/8/2021,32.349998,32.599998,32.32,32.599998,32.266212,3847700,31.82450301,31.29661359,0.527889419,0.422124182,0.105765236,32.23486222,31.68175185,0.553110366,0.460327207,0.092783159
11/9/2021,32.650002,32.68,32.25,32.299999,31.969284,3597200,31.89765624,31.37093843,0.526717803,0.443042906,0.083674897,32.25657448,31.75903275,0.497541733,0.467770113,0.02977162
11/10/2021,32.299999,32.32,31.98,32.099998,31.77133,2871500,31.92878574,31.42494285,0.503842893,0.455202904,0.048639989,32.20438232,31.8016534,0.402728916,0.454761873,-0.052032957
11/11/2021,31.91,32.290001,31.9,32.23,31.9,3546744,31.9751264,31.48457671,0.490549685,0.46227226,0.028277425,32.21292155,31.85519673,0.357724819,0.435354462,-0.077629644
11/12/2021,32.200001,32.299999,32.029999,32.040001,32.040001,3533000,31.9851071,31.52571925,0.459387853,0.461695379,-0.002307525,32.15528136,31.87829726,0.276984102,0.40368039,-0.126696288
11/15/2021,31.950001,32.23,31.940001,32.189999,32.189999,2357700,32.01662893,31.57492516,0.441703776,0.457697058,-0.015993282,32.16685391,31.91725998,0.24959393,0.372863098,-0.123269168
11/16/2021,31.9,32.189999,31.83,32.040001,32.040001,3424100,32.02022464,31.60937522,0.410849416,0.44832753,-0.037478113,32.12456961,31.93260261,0.191967,0.336683879,-0.144716879
11/17/2021,32.119999,32.279999,31.969999,32.209999,32.209999,3214900,32.04942069,31.65386587,0.395554822,0.437772988,-0.042218166,32.15304607,31.96727716,0.185768915,0.306500886,-0.120731971
11/18/2021,32.330002,32.580002,32.220001,32.470001,32.470001,3045725,32.11412535,31.71432032,0.399805031,0.430179397,-0.030374366,32.25869771,32.03011764,0.228580078,0.290916724,-0.062336647
11/19/2021,32.470001,32.68,32.299999,32.48,32.48,3691100,32.17041376,31.77103734,0.399376425,0.424018802,-0.024642378,32.33246514,32.08635293,0.246112211,0.281955822,-0.035843611
11/22/2021,32.700001,32.700001,32.380001,32.529999,32.529999,2781100,32.22573457,31.82725672,0.398477848,0.418910611,-0.020432763,32.39830976,32.14180869,0.256501071,0.276864872,-0.0203638
11/23/2021,32.599998,32.599998,32.330002,32.389999,32.389999,2133700,32.25100602,31.86894133,0.382064686,0.411541426,-0.029476741,32.39553951,32.17283248,0.222707029,0.266033303,-0.043326274
11/24/2021,32.57,32.57,32.310001,32.380001,32.380001,1941500,32.2708514,31.9067976,0.364053796,0.4020439,-0.037990104,32.39036001,32.19872854,0.191631461,0.251152935,-0.059521474
11/25/2021,31.879999,32.220001,31.83,32.110001,32.110001,2975600,32.24610519,31.92184971,0.324255477,0.386486216,-0.062230739,32.296907,32.1876376,0.109269402,0.222776228,-0.113506826
11/26/2021,31.9,31.99,31.280001,31.57,31.57,5595300,32.142089,31.89578677,0.246302236,0.35844942,-0.112147184,32.05460467,32.1104329,-0.055828232,0.167055336,-0.222883568
11/29/2021,31.049999,31.25,30.77,30.790001,30.790001,10078900,31.93407546,31.81387671,0.120198754,0.310799287,-0.190600533,31.63307011,31.94537891,-0.312308801,0.071182509,-0.383491309
11/30/2021,30.84,31.049999,29.870001,29.870001,29.870001,15847800,31.61652555,31.66988592,-0.05336037,0.237967355,-0.291327725,31.04538041,31.68595667,-0.640576266,-0.071169246,-0.56940702
12/1/2021,30.09,31.459999,30.01,31.379999,31.379999,7643900,31.58013685,31.64841281,-0.068275965,0.176718691,-0.244994656,31.15691994,31.64771196,-0.490792026,-0.155093802,-0.335698224
12/2/2021,30.9,31.700001,30.85,31.549999,31.549999,5301800,31.57550026,31.6411229,-0.065622645,0.128250424,-0.193873069,31.28794629,31.63549784,-0.347551552,-0.193585352,-0.1539662
12/3/2021,31.299999,31.629999,31.26,31.469999,31.469999,4295800,31.55926929,31.62844706,-0.069177763,0.088764787,-0.157942549,31.34863053,31.61481049,-0.26617996,-0.208104274,-0.058075687
12/6/2021,31.58,32.049999,31.540001,31.809999,31.809999,3469900,31.59784309,31.64189535,-0.044052254,0.062201379,-0.106253632,31.50242002,31.63920905,-0.136789034,-0.193841226,0.057052192
12/7/2021,31.969999,32.110001,31.799999,32.060001,32.060001,4035300,31.66894431,31.67286614,-0.003921826,0.048976738,-0.052898564,31.68828035,31.69180805,-0.0035277,-0.155778521,0.15225082
12/8/2021,32.029999,32.060001,31.809999,31.99,31.99,4762118,31.71833749,31.69635753,0.021979959,0.043577382,-0.021597423,31.78885356,31.72908204,0.059771524,-0.112668512,0.172440035
12/9/2021,32.09,32.09,31.809999,31.950001,31.950001,2167700,31.75397803,31.71514594,0.038832094,0.042628324,-0.00379623,31.84256938,31.75669691,0.085872466,-0.072960316,0.158832782
12/10/2021,31.9,32.060001,31.82,31.9,31.9,2671200,31.77644295,31.72883883,0.047604119,0.043623483,0.003980635,31.86171292,31.7746098,0.087103121,-0.040947629,0.12805075
12/13/2021,32.18,32.360001,31.82,31.84,31.84,2582400,31.78622096,31.73707299,0.049147966,0.04472838,0.004419586,31.85447528,31.78278357,0.071691706,-0.018419762,0.090111468
12/14/2021,31.68,31.860001,31.639999,31.84,31.84,2378200,31.79449466,31.74469722,0.049797442,0.045742192,0.004055249,31.84965019,31.78993563,0.05971456,-0.002792897,0.062507457
12/15/2021,31.860001,31.99,31.700001,31.9,31.9,2834500,31.81072625,31.75620113,0.054525123,0.047498778,0.007026345,31.86643346,31.80369367,0.062739785,0.010313639,0.052426146
12/16/2021,31.9,32.349998,31.85,32.330002,32.330002,4549600,31.89061483,31.79870489,0.091909932,0.056381009,0.035528923,32.0209563,31.86948221,0.151474091,0.038545729,0.112928362
12/17/2021,32.150002,32.549999,32.130001,32.439999,32.439999,5566834,31.97513547,31.84620816,0.128927307,0.070890268,0.058037038,32.1606372,31.94079681,0.219840392,0.074804662,0.14503573
12/20/2021,32.380001,32.43,32.040001,32.150002,32.150002,3838427,32.00203801,31.86871141,0.133326603,0.083377535,0.049949067,32.15709214,31.96694746,0.190144675,0.097872665,0.092272011
12/21/2021,32.34,32.369999,31.969999,32.139999,32.139999,2757900,32.02326278,31.88880679,0.134455993,0.093593227,0.040862766,32.15139442,31.9885789,0.162815521,0.110861236,0.051954285
12/22/2021,32.25,32.380001,32.25,32.380001,32.380001,2476400,32.07814558,31.92519154,0.15295404,0.105465389,0.04748865,32.22759662,32.03750666,0.190089951,0.126706979,0.063382972
12/23/2021,32.549999,32.560001,32.360001,32.5,32.5,1936400,32.14304626,31.96776995,0.175276315,0.119427575,0.055848741,32.31839774,32.09531833,0.223079412,0.145981466,0.077097947
12/24/2021,32.57,32.610001,32.470001,32.610001,32.610001,1050000,32.21488545,32.01534262,0.199542835,0.135450627,0.064092208,32.41559883,32.15965367,0.255945164,0.167974205,0.087970959
12/27/2021,32.599998,32.650002,32.5,32.5,32.5,611800,32.25874923,32.05124316,0.207506065,0.149861714,0.05764435,32.44373255,32.20219696,0.241535596,0.182686483,0.058849112
12/28/2021,32.599998,32.75,32.529999,32.75,32.75,1567200,32.33432627,32.10300293,0.231323341,0.16615404,0.065169301,32.5458217,32.27067234,0.275149364,0.20117906,0.073970305
12/29/2021,32.75,32.799999,32.689999,32.779999,32.779999,978700,32.40289131,32.15315079,0.249740519,0.182871336,0.066869184,32.6238808,32.33433817,0.289542631,0.218851774,0.070690857
12/30/2021,32.720001,32.799999,32.650002,32.66,32.66,1603300,32.44244649,32.19069517,0.251751317,0.196647332,0.055103985,32.63592053,32.3750459,0.260874635,0.227256346,0.033618289
12/31/2021,32.720001,32.779999,32.639999,32.66,32.66,900700,32.47591626,32.22545849,0.250457767,0.207409419,0.043048348,32.64394702,32.41066516,0.233281861,0.228461449,0.004820412
1/3/2022,32.799999,32.830002,32.720001,32.790001,32.790001,1610600,32.52423699,32.26727646,0.256960533,0.217319642,0.039640891,32.69263168,32.45808214,0.23454954,0.229679067,0.004870473
1/4/2022,33.049999,33.779999,33.009998,33.709999,33.709999,5285200,32.70666191,32.37414479,0.332517121,0.240359137,0.092157983,33.03175412,32.61457175,0.417182373,0.267179728,0.150002644
1/5/2022,33.799999,33.849998,33.07,33.240002,33.240002,4654600,32.78871424,32.43828236,0.350431871,0.262373684,0.088058187,33.10117008,32.69275053,0.408419551,0.295427693,0.112991858
1/6/2022,32.98,33.82,32.959999,33.82,33.82,4700100,32.94737358,32.54063182,0.406741765,0.2912473,0.115494465,33.34078005,32.83365671,0.50712334,0.337766822,0.169356518
1/7/2022,34.150002,34.369999,34.040001,34.369999,34.369999,5028600,33.16623903,32.6761405,0.490098533,0.331017547,0.159080987,33.68385304,33.0256995,0.658153536,0.401844165,0.256309371
1/10/2022,34.470001,35.18,34.41,35.07,35.07,6216800,33.45912533,32.85346342,0.60566191,0.38594642,0.219715491,34.14590202,33.28123706,0.864664962,0.494408324,0.370256637
1/11/2022,35.5,35.549999,35.029999,35.419998,35.419998,6647400,33.76079805,33.0435771,0.717220956,0.452201327,0.265019629,34.57060068,33.54858218,1.022018503,0.59993036,0.422088143
1/12/2022,35.700001,35.700001,35.349998,35.509998,35.509998,6529700,34.02990574,33.22627494,0.803630795,0.52248722,0.281143575,34.88373312,33.79375916,1.089973965,0.697939081,0.392034884
1/13/2022,35.580002,35.639999,35.369999,35.5,35.5,3792100,34.25607409,33.39469902,0.861375065,0.590264789,0.271110276,35.08915541,34.00703926,1.082116152,0.774774495,0.307341657
1/14/2022,35.66,35.880001,35.560001,35.880001,35.880001,4042200,34.505909,33.57879546,0.927113532,0.657634538,0.269478994,35.35277061,34.24115948,1.11161113,0.842141822,0.269469308
1/17/2022,35.880001,36.029999,35.82,36,36,4093960,34.73576915,33.75814395,0.977625202,0.721632671,0.255992532,35.56851374,34.46101454,1.107499195,0.895213297,0.212285898
1/18/2022,36,36.130001,35.799999,35.919998,35.919998,4220400,34.9179582,33.91828128,0.999676919,0.77724152,0.222435399,35.68567516,34.64338748,1.042287683,0.924628174,0.117659509
1/19/2022,36.049999,36.099998,35.709999,35.93,35.93,4386276,35.07365694,34.06729749,1.006359456,0.823065107,0.183294348,35.76711677,34.80421404,0.962902731,0.932283086,0.030619646
1/20/2022,35.66,35.990002,35.5,35.990002,35.990002,4923400,35.2146331,34.20972004,1.004913062,0.859434698,0.145478364,35.84141185,34.95243754,0.888974312,0.923621331,-0.034647019
1/21/2022,35.84,35.84,35.529999,35.549999,35.549999,6841100,35.26622786,34.30899997,0.957227892,0.878993337,0.078234555,35.74427423,35.02713272,0.717141513,0.882325367,-0.165183854
1/24/2022,35.169998,35.849998,35.080002,35.66,35.66,3017600,35.32680819,34.40907404,0.917734145,0.886741499,0.030992647,35.71618282,35.10624113,0.609941692,0.827848632,-0.21790694
1/25/2022,35.25,35.599998,35,35.200001,35.200001,6361900,35.30729939,34.46766122,0.839638165,0.877320832,-0.037682667,35.54412221,35.11796111,0.426161101,0.747511126,-0.321350025
1/26/2022,35.200001,35.639999,35.150002,35.310001,35.310001,5039400,35.30771502,34.53005676,0.777658259,0.857388317,-0.079730059,35.46608181,35.1419661,0.32411571,0.662832043,-0.338716332
1/27/2022,35.099998,35.349998,34.990002,35.259998,35.259998,5699700,35.30037394,34.58412648,0.716247457,0.829160145,-0.112912688,35.39738721,35.15672009,0.24066712,0.578399058,-0.337731939
1/28/2022,35,35.200001,34.709999,34.82,34.82,9305600,35.22647026,34.6015986,0.624871662,0.788302449,-0.163430787,35.2049248,35.11463008,0.090294728,0.480778192,-0.390483464
1/31/2022,34.91,35.549999,34.889999,35.200001,35.200001,4493700,35.22239806,34.6459247,0.576473364,0.745936632,-0.169463268,35.20328354,35.12530144,0.077982095,0.400218973,-0.322236878
2/3/2022,36.189999,36.189999,35.299999,35.700001,35.700001,6841400,35.29587544,34.72400443,0.571871013,0.711123508,-0.139252495,35.36885602,35.19713889,0.171717138,0.354518606,-0.182801468
2/4/2022,35.700001,35.990002,35.560001,35.950001,35.950001,3634800,35.39651014,34.81481899,0.581691154,0.685237037,-0.103545884,35.56257102,35.29124665,0.271324366,0.337879758,-0.066555392
2/7/2022,36,36.48,35.900002,36.48,36.48,4756200,35.56320089,34.93816573,0.625035159,0.673196662,-0.048161502,35.86838068,35.43984082,0.428539858,0.356011778,0.07252808
2/8/2022,36.75,36.860001,36.259998,36.580002,36.580002,5316300,35.71963183,35.05978323,0.659848598,0.670527049,-0.010678451,36.10558778,35.58236097,0.523226818,0.389454786,0.133772032
2/9/2022,36.560001,37,36.509998,36.98,36.98,3235800,35.91353462,35.20202151,0.711513115,0.678724262,0.032788853,36.39705852,35.75706585,0.639992677,0.439562364,0.200430313
2/10/2022,36.900002,37.009998,36.630001,36.849998,36.849998,3679900,36.05760591,35.32409384,0.73351207,0.689681824,0.043830247,36.54803835,35.89368237,0.654355984,0.482521088,0.171834896
2/11/2022,36.990002,37.439999,36.990002,37.25,37.25,6045900,36.24105116,35.46675356,0.774297599,0.706604979,0.06769262,36.78202557,36.06322207,0.718803496,0.52977757,0.189025927
2/14/2022,37.25,37.490002,36.900002,37.200001,37.200001,5052000,36.3885819,35.59514226,0.793439645,0.723971912,0.069467733,36.92135071,36.20531944,0.716031275,0.567028311,0.149002964
2/15/2022,36.700001,36.93,36.299999,36.529999,36.529999,6751300,36.41033838,35.6643909,0.745947474,0.728367024,0.017580449,36.79090014,36.24590438,0.544995759,0.5626218,-0.017626041
2/16/2022,36.5,36.990002,36.5,36.799999,36.799999,3416100,36.47028617,35.74851002,0.721776144,0.727048848,-0.005272705,36.79393309,36.31516621,0.478766885,0.545850817,-0.067083932
2/17/2022,36.919998,37.09,36.529999,36.529999,36.529999,4112300,36.47947276,35.8063981,0.673074661,0.716254011,-0.04317935,36.70595506,36.34202031,0.363934755,0.509467605,-0.14553285
2/18/2022,36.700001,36.799999,36.450001,36.450001,36.450001,2480800,36.47493864,35.85407238,0.620866255,0.69717646,-0.076310204,36.62063704,36.35551789,0.265119147,0.460597913,-0.195478766
2/21/2022,36.330002,36.540001,36.330002,36.509998,36.509998,1566700,36.48033239,35.90265947,0.57767292,0.673275752,-0.095602831,36.58375736,36.37482791,0.208929454,0.410264221,-0.201334768
2/22/2022,36.349998,36.419998,36.099998,36.25,36.25,3101400,36.44489664,35.9283884,0.51650824,0.64192225,-0.125414009,36.47250491,36.35922442,0.113280488,0.350867475,-0.237586986
2/23/2022,36.25,36.630001,36.150002,36.5,36.5,3205000,36.45337408,35.97073,0.482644081,0.610066616,-0.127422535,36.48166994,36.37682137,0.104848572,0.301663694,-0.196815123
2/24/2022,36,36.5,34.650002,34.75,34.75,8778600,36.19131653,35.88030555,0.311010974,0.550255487,-0.239244513,35.90444663,36.1734687,-0.26902207,0.187526541,-0.456548612
2/25/2022,34.799999,35.68,34.75,34.950001,34.950001,8885100,36.00034491,35.8113941,0.188950803,0.477994551,-0.289043747,35.58629808,36.02053523,-0.43423715,0.063173803,-0.497410953
2/28/2022,34.98,35.049999,33.59,33.82,33.82,15523800,35.66490723,35.66388343,0.0010238,0.3826004,-0.381576601,34.99753206,35.74546833,-0.747936274,-0.099048212,-0.648888061
3/1/2022,34.099998,34.450001,33.799999,34.419998,34.419998,5347100,35.47338273,35.57174377,-0.098361036,0.286408113,-0.384769149,34.8050207,35.57978454,-0.774763835,-0.234191337,-0.540572498
3/2/2022,34.279999,34.279999,33.330002,33.330002,33.330002,7973500,35.14363185,35.40568882,-0.262056972,0.176715096,-0.438772068,34.3133478,35.29856172,-0.985213919,-0.384395853,-0.600818065
3/3/2022,33.610001,33.779999,33.23,33.23,33.23,4382100,34.84922695,35.24452669,-0.395299737,0.06231213,-0.457611866,33.95223187,35.03999151,-1.087759638,-0.52506861,-0.562691028
3/4/2022,32.919998,33.150002,32.57,32.599998,32.599998,6883400,34.50319173,35.04863567,-0.545443946,-0.059239086,-0.486204861,33.50148725,34.73499232,-1.233505072,-0.666755902,-0.56674917
3/7/2022,32.099998,32.68,31.91,31.91,31.91,6686400,34.10423915,34.81614414,-0.711904988,-0.189772266,-0.522132722,32.9709915,34.38186828,-1.410876781,-0.815580078,-0.595296703
3/8/2022,31.74,31.85,30.98,31.23,31.23,8007500,33.66204851,34.55050383,-0.88845532,-0.329508877,-0.558946443,32.390661,33.98788474,-1.597223745,-0.971908812,-0.625314934
3/9/2022,31,32.34,31,32.259998,32.259998,6320100,33.44634844,34.38083674,-0.934488301,-0.450504762,-0.483983539,32.34710667,33.7718989,-1.424792235,-1.062485496,-0.362306739
3/10/2022,33,33.299999,32.610001,32.889999,32.889999,6790344,33.36075621,34.27040431,-0.909648097,-0.542333429,-0.367314668,32.52807078,33.66166141,-1.133590636,-1.076706524,-0.056884112
3/11/2022,33,33.290001,32.700001,33.259998,33.259998,4040458,33.34525495,34.1955594,-0.850304448,-0.603927633,-0.246376816,32.77204652,33.61145349,-0.839406968,-1.029246613,0.189839645
3/14/2022,33.259998,33.259998,33.259998,33.259998,33.259998,0,33.3321385,34.12625855,-0.794120058,-0.641966118,-0.15215394,32.93469701,33.56752155,-0.632824538,-0.949962198,0.31713766
3/15/2022,33.529999,34.09,33.330002,33.889999,33.889999,6376500,33.41796319,34.10875785,-0.690794657,-0.651731826,-0.039062832,33.25313101,33.60783123,-0.354700224,-0.830909803,0.47620958
3/16/2022,34.560001,34.68,34.02,34.57,34.57,5208900,33.59519962,34.14292393,-0.54772431,-0.630930323,0.083206012,33.69208734,33.72810233,-0.036014989,-0.67193084,0.635915851
3/17/2022,35.080002,35.240002,34.189999,34.720001,34.720001,5784600,33.76824599,34.18567038,-0.417424394,-0.588229137,0.170804743,34.03472523,33.85208966,0.182635564,-0.501017559,0.683653124
3/18/2022,34.919998,34.959999,34.529999,34.59,34.59,1558500,33.89466968,34.21562072,-0.320951042,-0.534773518,0.213822476,34.21981682,33.94432845,0.275488363,-0.345716375,0.621204738
